variant,position,id,raw,display,rank,bonus,ageDays,date,time,axis
OFF,1,112,100,100,100,0,,2026-10-13,09:00,field
OFF,2,7,92,92,92,0,,2026-10-09,12:00,field
OFF,3,8,92,92,92,0,,2026-10-09,18:00,field
OFF,4,10,92,92,92,0,,2026-10-09,09:00,field
OFF,5,126,92,92,92,0,,2026-10-09,09:00,mudflat
OFF,6,14,92,92,92,0,,2026-10-11,18:00,mudflat
OFF,7,107,92,92,92,0,,2026-10-11,18:00,mudflat
OFF,8,48,92,92,92,0,,2026-10-09,09:00,pelagic
OFF,9,3,100,100,100,0,,2026-10-09,18:00,other
OFF,10,5,100,100,100,0,,2026-10-09,18:00,other
today_cap0,1,112,100,100,100,0,,2026-10-13,09:00,field
today_cap0,2,108,92,92,92,0,3,2026-10-09,09:00,field
today_cap0,3,15,92,92,92,0,9,2026-10-09,09:00,field
today_cap0,4,194,92,92,92,0,9,2026-10-09,09:00,field
today_cap0,5,126,92,92,92,0,13,2026-10-09,09:00,mudflat
today_cap0,6,14,92,92,92,0,,2026-10-11,18:00,mudflat
today_cap0,7,107,92,92,92,0,,2026-10-11,18:00,mudflat
today_cap0,8,48,92,92,92,0,,2026-10-09,09:00,pelagic
today_cap0,9,3,100,100,100,0,,2026-10-09,18:00,other
today_cap0,10,5,100,100,100,0,,2026-10-09,18:00,other
today_cap4,1,112,100,100,100,0,,2026-10-13,09:00,field
today_cap4,2,108,92,92,96,4,3,2026-10-09,09:00,field
today_cap4,3,15,92,92,94,2,9,2026-10-09,09:00,field
today_cap4,4,194,92,92,94,2,9,2026-10-09,09:00,field
today_cap4,5,126,92,92,94,2,13,2026-10-09,09:00,mudflat
today_cap4,6,14,92,92,92,0,,2026-10-11,18:00,mudflat
today_cap4,7,107,92,92,92,0,,2026-10-11,18:00,mudflat
today_cap4,8,48,92,92,92,0,,2026-10-09,09:00,pelagic
today_cap4,9,3,100,100,100,0,,2026-10-09,18:00,other
today_cap4,10,5,100,100,100,0,,2026-10-09,18:00,other
today_cap8,1,108,92,92,100,8,3,2026-10-09,09:00,field
today_cap8,2,112,100,100,100,0,,2026-10-13,09:00,field
today_cap8,3,15,92,92,94,2,9,2026-10-09,09:00,field
today_cap8,4,194,92,92,94,2,9,2026-10-09,09:00,field
today_cap8,5,126,92,92,94,2,13,2026-10-09,09:00,mudflat
today_cap8,6,14,92,92,92,0,,2026-10-11,18:00,mudflat
today_cap8,7,107,92,92,92,0,,2026-10-11,18:00,mudflat
today_cap8,8,48,92,92,92,0,,2026-10-09,09:00,pelagic
today_cap8,9,195,92,92,100,8,0,2026-10-09,09:00,other
today_cap8,10,3,100,100,100,0,,2026-10-09,18:00,other
today_cap12,1,108,92,92,103,11,3,2026-10-09,09:00,field
today_cap12,2,112,100,100,100,0,,2026-10-13,09:00,field
today_cap12,3,15,92,92,94,2,9,2026-10-09,09:00,field
today_cap12,4,194,92,92,94,2,9,2026-10-09,09:00,field
today_cap12,5,126,92,92,94,2,13,2026-10-09,09:00,mudflat
today_cap12,6,14,92,92,92,0,,2026-10-11,18:00,mudflat
today_cap12,7,107,92,92,92,0,,2026-10-11,18:00,mudflat
today_cap12,8,48,92,92,92,0,,2026-10-09,09:00,pelagic
today_cap12,9,195,92,92,104,12,0,2026-10-09,09:00,other
today_cap12,10,3,100,100,100,0,,2026-10-09,18:00,other
today_cap16,1,108,92,92,103,11,3,2026-10-09,09:00,field
today_cap16,2,112,100,100,100,0,,2026-10-13,09:00,field
today_cap16,3,15,92,92,94,2,9,2026-10-09,09:00,field
today_cap16,4,194,92,92,94,2,9,2026-10-09,09:00,field
today_cap16,5,126,92,92,94,2,13,2026-10-09,09:00,mudflat
today_cap16,6,14,92,92,92,0,,2026-10-11,18:00,mudflat
today_cap16,7,107,92,92,92,0,,2026-10-11,18:00,mudflat
today_cap16,8,48,92,92,92,0,,2026-10-09,09:00,pelagic
today_cap16,9,195,92,92,108,16,0,2026-10-09,09:00,other
today_cap16,10,3,100,100,100,0,,2026-10-09,18:00,other
visit_cap0,1,112,100,100,100,0,,2026-10-13,09:00,field
visit_cap0,2,108,92,92,92,0,4,2026-10-09,09:00,field
visit_cap0,3,15,92,92,92,0,10,2026-10-09,09:00,field
visit_cap0,4,194,92,92,92,0,10,2026-10-09,09:00,field
visit_cap0,5,126,92,92,92,0,14,2026-10-09,09:00,mudflat
visit_cap0,6,14,92,92,92,0,,2026-10-11,18:00,mudflat
visit_cap0,7,107,92,92,92,0,,2026-10-11,18:00,mudflat
visit_cap0,8,48,92,92,92,0,,2026-10-09,09:00,pelagic
visit_cap0,9,3,100,100,100,0,,2026-10-09,18:00,other
visit_cap0,10,5,100,100,100,0,,2026-10-09,18:00,other
visit_cap4,1,112,100,100,100,0,,2026-10-13,09:00,field
visit_cap4,2,108,92,92,96,4,4,2026-10-09,09:00,field
visit_cap4,3,15,92,92,94,2,10,2026-10-09,09:00,field
visit_cap4,4,194,92,92,94,2,10,2026-10-09,09:00,field
visit_cap4,5,126,92,92,94,2,14,2026-10-09,09:00,mudflat
visit_cap4,6,14,92,92,92,0,,2026-10-11,18:00,mudflat
visit_cap4,7,107,92,92,92,0,,2026-10-11,18:00,mudflat
visit_cap4,8,48,92,92,92,0,,2026-10-09,09:00,pelagic
visit_cap4,9,3,100,100,100,0,,2026-10-09,18:00,other
visit_cap4,10,5,100,100,100,0,,2026-10-09,18:00,other
visit_cap8,1,112,100,100,100,0,,2026-10-13,09:00,field
visit_cap8,2,108,92,92,99,7,4,2026-10-09,09:00,field
visit_cap8,3,15,92,92,94,2,10,2026-10-09,09:00,field
visit_cap8,4,194,92,92,94,2,10,2026-10-09,09:00,field
visit_cap8,5,126,92,92,94,2,14,2026-10-09,09:00,mudflat
visit_cap8,6,14,92,92,92,0,,2026-10-11,18:00,mudflat
visit_cap8,7,107,92,92,92,0,,2026-10-11,18:00,mudflat
visit_cap8,8,48,92,92,92,0,,2026-10-09,09:00,pelagic
visit_cap8,9,195,92,92,100,8,1,2026-10-09,09:00,other
visit_cap8,10,3,100,100,100,0,,2026-10-09,18:00,other
visit_cap12,1,112,100,100,100,0,,2026-10-13,09:00,field
visit_cap12,2,108,92,92,99,7,4,2026-10-09,09:00,field
visit_cap12,3,15,92,92,94,2,10,2026-10-09,09:00,field
visit_cap12,4,194,92,92,94,2,10,2026-10-09,09:00,field
visit_cap12,5,126,92,92,94,2,14,2026-10-09,09:00,mudflat
visit_cap12,6,14,92,92,92,0,,2026-10-11,18:00,mudflat
visit_cap12,7,107,92,92,92,0,,2026-10-11,18:00,mudflat
visit_cap12,8,48,92,92,92,0,,2026-10-09,09:00,pelagic
visit_cap12,9,195,92,92,104,12,1,2026-10-09,09:00,other
visit_cap12,10,3,100,100,100,0,,2026-10-09,18:00,other
visit_cap16,1,112,100,100,100,0,,2026-10-13,09:00,field
visit_cap16,2,108,92,92,99,7,4,2026-10-09,09:00,field
visit_cap16,3,15,92,92,94,2,10,2026-10-09,09:00,field
visit_cap16,4,194,92,92,94,2,10,2026-10-09,09:00,field
visit_cap16,5,126,92,92,94,2,14,2026-10-09,09:00,mudflat
visit_cap16,6,14,92,92,92,0,,2026-10-11,18:00,mudflat
visit_cap16,7,107,92,92,92,0,,2026-10-11,18:00,mudflat
visit_cap16,8,48,92,92,92,0,,2026-10-09,09:00,pelagic
visit_cap16,9,195,92,92,108,16,1,2026-10-09,09:00,other
visit_cap16,10,3,100,100,100,0,,2026-10-09,18:00,other
today_noVariety,1,108,92,92,101,9,3,2026-10-09,09:00,field
today_noVariety,2,112,100,100,100,0,,2026-10-13,09:00,field
today_noVariety,3,15,92,92,94,2,9,2026-10-09,09:00,field
today_noVariety,4,194,92,92,94,2,9,2026-10-09,09:00,field
today_noVariety,5,126,92,92,94,2,13,2026-10-09,09:00,mudflat
today_noVariety,6,14,92,92,92,0,,2026-10-11,18:00,mudflat
today_noVariety,7,107,92,92,92,0,,2026-10-11,18:00,mudflat
today_noVariety,8,48,92,92,92,0,,2026-10-09,09:00,pelagic
today_noVariety,9,195,92,92,104,12,0,2026-10-09,09:00,other
today_noVariety,10,3,100,100,100,0,,2026-10-09,18:00,other
visit_noVariety,1,112,100,100,100,0,,2026-10-13,09:00,field
visit_noVariety,2,108,92,92,97,5,4,2026-10-09,09:00,field
visit_noVariety,3,15,92,92,94,2,10,2026-10-09,09:00,field
visit_noVariety,4,194,92,92,94,2,10,2026-10-09,09:00,field
visit_noVariety,5,126,92,92,94,2,14,2026-10-09,09:00,mudflat
visit_noVariety,6,14,92,92,92,0,,2026-10-11,18:00,mudflat
visit_noVariety,7,107,92,92,92,0,,2026-10-11,18:00,mudflat
visit_noVariety,8,48,92,92,92,0,,2026-10-09,09:00,pelagic
visit_noVariety,9,195,92,92,104,12,1,2026-10-09,09:00,other
visit_noVariety,10,3,100,100,100,0,,2026-10-09,18:00,other
