variant,fixture,pass
OFF,tide-gap90-interval3,true
OFF,tide-gap90-interval6,true
OFF,tide-gap90-interval24,true
OFF,tide-gap91-interval3,true
OFF,tide-gap91-interval6,true
OFF,tide-gap91-interval24,true
OFF,tide-gap120-interval3,true
OFF,tide-gap120-interval6,true
OFF,tide-gap120-interval24,true
OFF,tide-height19-710,true
OFF,tide-height19-709,true
OFF,tide-height14-850,true
OFF,tide-height14-849,true
OFF,tide-height107-850,true
OFF,tide-height107-849,true
OFF,tide-unsafe-highest-other-safe-date,true
OFF,tide-unsafe-first-other-safe-same-date,true
OFF,tide-all-danger-excluded-despite-notice-report-mandatory,true
OFF,tide-missing-data-excluded-despite-notice-report,true
OFF,general-rain-0.999,true
OFF,general-rain-1,true
OFF,general-rain-1.04,true
OFF,general-all-danger-notice-report-excluded,true
OFF,general-ineligible-notice-report-excluded,true
OFF,pelagic-at,true
OFF,pelagic-wind-over,true
OFF,pelagic-wave-over,true
OFF,pelagic-rain-positive,true
OFF,pelagic-wind-missing,true
OFF,pelagic-wave-missing,true
OFF,pelagic-rain-missing,true
OFF,pelagic-wind-string,true
OFF,pelagic-wave-string,true
OFF,pelagic-rain-string,true
OFF,pelagic-danger-highest-safe-lower-rain,true
OFF,pelagic-danger-highest-safe-lower-wind,true
OFF,pelagic-danger-highest-safe-lower-wave,true
OFF,pelagic-danger-highest-safe-lower-missing,true
OFF,today-fallback-gap91,true
OFF,today-fallback-missing-time,true
OFF,today-fallback-ineligible,true
OFF,today-fallback-stale,true
OFF,today-fallback-rain,true
OFF,today-fallback-wave,true
OFF,today-fallback-score-missing,true
OFF,today-fallback-wrong-date,true
OFF,tide-metadata-undefined-gap90,true
OFF,tide-metadata-undefined-gap91,true
OFF,tide-metadata-null-gap90,true
OFF,tide-metadata-null-gap91,true
OFF,tide-metadata-zero-gap90,true
OFF,tide-metadata-zero-gap91,true
OFF,tide-metadata-negative-gap90,true
OFF,tide-metadata-negative-gap91,true
OFF,tide-metadata-bad-string-gap90,true
OFF,tide-metadata-bad-string-gap91,true
OFF,tide-metadata-numeric-string-gap90,true
OFF,tide-metadata-numeric-string-gap91,true
OFF,tide-metadata-NaN-gap90,true
OFF,tide-metadata-NaN-gap91,true
OFF,tide-metadata-Infinity-gap90,true
OFF,tide-metadata-Infinity-gap91,true
OFF,tide-week-invalid-missing-time,true
OFF,tide-week-invalid-malformed-time,true
OFF,tide-week-invalid-wrong-date,true
OFF,tide-week-invalid-ineligible,true
today_cap0,tide-gap90-interval3,true
today_cap0,tide-gap90-interval6,true
today_cap0,tide-gap90-interval24,true
today_cap0,tide-gap91-interval3,true
today_cap0,tide-gap91-interval6,true
today_cap0,tide-gap91-interval24,true
today_cap0,tide-gap120-interval3,true
today_cap0,tide-gap120-interval6,true
today_cap0,tide-gap120-interval24,true
today_cap0,tide-height19-710,true
today_cap0,tide-height19-709,true
today_cap0,tide-height14-850,true
today_cap0,tide-height14-849,true
today_cap0,tide-height107-850,true
today_cap0,tide-height107-849,true
today_cap0,tide-unsafe-highest-other-safe-date,true
today_cap0,tide-unsafe-first-other-safe-same-date,true
today_cap0,tide-all-danger-excluded-despite-notice-report-mandatory,true
today_cap0,tide-missing-data-excluded-despite-notice-report,true
today_cap0,general-rain-0.999,true
today_cap0,general-rain-1,true
today_cap0,general-rain-1.04,true
today_cap0,general-all-danger-notice-report-excluded,true
today_cap0,general-ineligible-notice-report-excluded,true
today_cap0,pelagic-at,true
today_cap0,pelagic-wind-over,true
today_cap0,pelagic-wave-over,true
today_cap0,pelagic-rain-positive,true
today_cap0,pelagic-wind-missing,true
today_cap0,pelagic-wave-missing,true
today_cap0,pelagic-rain-missing,true
today_cap0,pelagic-wind-string,true
today_cap0,pelagic-wave-string,true
today_cap0,pelagic-rain-string,true
today_cap0,pelagic-danger-highest-safe-lower-rain,true
today_cap0,pelagic-danger-highest-safe-lower-wind,true
today_cap0,pelagic-danger-highest-safe-lower-wave,true
today_cap0,pelagic-danger-highest-safe-lower-missing,true
today_cap0,today-fallback-gap91,true
today_cap0,today-fallback-missing-time,true
today_cap0,today-fallback-ineligible,true
today_cap0,today-fallback-stale,true
today_cap0,today-fallback-rain,true
today_cap0,today-fallback-wave,true
today_cap0,today-fallback-score-missing,true
today_cap0,today-fallback-wrong-date,true
today_cap0,tide-metadata-undefined-gap90,true
today_cap0,tide-metadata-undefined-gap91,true
today_cap0,tide-metadata-null-gap90,true
today_cap0,tide-metadata-null-gap91,true
today_cap0,tide-metadata-zero-gap90,true
today_cap0,tide-metadata-zero-gap91,true
today_cap0,tide-metadata-negative-gap90,true
today_cap0,tide-metadata-negative-gap91,true
today_cap0,tide-metadata-bad-string-gap90,true
today_cap0,tide-metadata-bad-string-gap91,true
today_cap0,tide-metadata-numeric-string-gap90,true
today_cap0,tide-metadata-numeric-string-gap91,true
today_cap0,tide-metadata-NaN-gap90,true
today_cap0,tide-metadata-NaN-gap91,true
today_cap0,tide-metadata-Infinity-gap90,true
today_cap0,tide-metadata-Infinity-gap91,true
today_cap0,tide-week-invalid-missing-time,true
today_cap0,tide-week-invalid-malformed-time,true
today_cap0,tide-week-invalid-wrong-date,true
today_cap0,tide-week-invalid-ineligible,true
today_cap4,tide-gap90-interval3,true
today_cap4,tide-gap90-interval6,true
today_cap4,tide-gap90-interval24,true
today_cap4,tide-gap91-interval3,true
today_cap4,tide-gap91-interval6,true
today_cap4,tide-gap91-interval24,true
today_cap4,tide-gap120-interval3,true
today_cap4,tide-gap120-interval6,true
today_cap4,tide-gap120-interval24,true
today_cap4,tide-height19-710,true
today_cap4,tide-height19-709,true
today_cap4,tide-height14-850,true
today_cap4,tide-height14-849,true
today_cap4,tide-height107-850,true
today_cap4,tide-height107-849,true
today_cap4,tide-unsafe-highest-other-safe-date,true
today_cap4,tide-unsafe-first-other-safe-same-date,true
today_cap4,tide-all-danger-excluded-despite-notice-report-mandatory,true
today_cap4,tide-missing-data-excluded-despite-notice-report,true
today_cap4,general-rain-0.999,true
today_cap4,general-rain-1,true
today_cap4,general-rain-1.04,true
today_cap4,general-all-danger-notice-report-excluded,true
today_cap4,general-ineligible-notice-report-excluded,true
today_cap4,pelagic-at,true
today_cap4,pelagic-wind-over,true
today_cap4,pelagic-wave-over,true
today_cap4,pelagic-rain-positive,true
today_cap4,pelagic-wind-missing,true
today_cap4,pelagic-wave-missing,true
today_cap4,pelagic-rain-missing,true
today_cap4,pelagic-wind-string,true
today_cap4,pelagic-wave-string,true
today_cap4,pelagic-rain-string,true
today_cap4,pelagic-danger-highest-safe-lower-rain,true
today_cap4,pelagic-danger-highest-safe-lower-wind,true
today_cap4,pelagic-danger-highest-safe-lower-wave,true
today_cap4,pelagic-danger-highest-safe-lower-missing,true
today_cap4,today-fallback-gap91,true
today_cap4,today-fallback-missing-time,true
today_cap4,today-fallback-ineligible,true
today_cap4,today-fallback-stale,true
today_cap4,today-fallback-rain,true
today_cap4,today-fallback-wave,true
today_cap4,today-fallback-score-missing,true
today_cap4,today-fallback-wrong-date,true
today_cap4,tide-metadata-undefined-gap90,true
today_cap4,tide-metadata-undefined-gap91,true
today_cap4,tide-metadata-null-gap90,true
today_cap4,tide-metadata-null-gap91,true
today_cap4,tide-metadata-zero-gap90,true
today_cap4,tide-metadata-zero-gap91,true
today_cap4,tide-metadata-negative-gap90,true
today_cap4,tide-metadata-negative-gap91,true
today_cap4,tide-metadata-bad-string-gap90,true
today_cap4,tide-metadata-bad-string-gap91,true
today_cap4,tide-metadata-numeric-string-gap90,true
today_cap4,tide-metadata-numeric-string-gap91,true
today_cap4,tide-metadata-NaN-gap90,true
today_cap4,tide-metadata-NaN-gap91,true
today_cap4,tide-metadata-Infinity-gap90,true
today_cap4,tide-metadata-Infinity-gap91,true
today_cap4,tide-week-invalid-missing-time,true
today_cap4,tide-week-invalid-malformed-time,true
today_cap4,tide-week-invalid-wrong-date,true
today_cap4,tide-week-invalid-ineligible,true
today_cap8,tide-gap90-interval3,true
today_cap8,tide-gap90-interval6,true
today_cap8,tide-gap90-interval24,true
today_cap8,tide-gap91-interval3,true
today_cap8,tide-gap91-interval6,true
today_cap8,tide-gap91-interval24,true
today_cap8,tide-gap120-interval3,true
today_cap8,tide-gap120-interval6,true
today_cap8,tide-gap120-interval24,true
today_cap8,tide-height19-710,true
today_cap8,tide-height19-709,true
today_cap8,tide-height14-850,true
today_cap8,tide-height14-849,true
today_cap8,tide-height107-850,true
today_cap8,tide-height107-849,true
today_cap8,tide-unsafe-highest-other-safe-date,true
today_cap8,tide-unsafe-first-other-safe-same-date,true
today_cap8,tide-all-danger-excluded-despite-notice-report-mandatory,true
today_cap8,tide-missing-data-excluded-despite-notice-report,true
today_cap8,general-rain-0.999,true
today_cap8,general-rain-1,true
today_cap8,general-rain-1.04,true
today_cap8,general-all-danger-notice-report-excluded,true
today_cap8,general-ineligible-notice-report-excluded,true
today_cap8,pelagic-at,true
today_cap8,pelagic-wind-over,true
today_cap8,pelagic-wave-over,true
today_cap8,pelagic-rain-positive,true
today_cap8,pelagic-wind-missing,true
today_cap8,pelagic-wave-missing,true
today_cap8,pelagic-rain-missing,true
today_cap8,pelagic-wind-string,true
today_cap8,pelagic-wave-string,true
today_cap8,pelagic-rain-string,true
today_cap8,pelagic-danger-highest-safe-lower-rain,true
today_cap8,pelagic-danger-highest-safe-lower-wind,true
today_cap8,pelagic-danger-highest-safe-lower-wave,true
today_cap8,pelagic-danger-highest-safe-lower-missing,true
today_cap8,today-fallback-gap91,true
today_cap8,today-fallback-missing-time,true
today_cap8,today-fallback-ineligible,true
today_cap8,today-fallback-stale,true
today_cap8,today-fallback-rain,true
today_cap8,today-fallback-wave,true
today_cap8,today-fallback-score-missing,true
today_cap8,today-fallback-wrong-date,true
today_cap8,tide-metadata-undefined-gap90,true
today_cap8,tide-metadata-undefined-gap91,true
today_cap8,tide-metadata-null-gap90,true
today_cap8,tide-metadata-null-gap91,true
today_cap8,tide-metadata-zero-gap90,true
today_cap8,tide-metadata-zero-gap91,true
today_cap8,tide-metadata-negative-gap90,true
today_cap8,tide-metadata-negative-gap91,true
today_cap8,tide-metadata-bad-string-gap90,true
today_cap8,tide-metadata-bad-string-gap91,true
today_cap8,tide-metadata-numeric-string-gap90,true
today_cap8,tide-metadata-numeric-string-gap91,true
today_cap8,tide-metadata-NaN-gap90,true
today_cap8,tide-metadata-NaN-gap91,true
today_cap8,tide-metadata-Infinity-gap90,true
today_cap8,tide-metadata-Infinity-gap91,true
today_cap8,tide-week-invalid-missing-time,true
today_cap8,tide-week-invalid-malformed-time,true
today_cap8,tide-week-invalid-wrong-date,true
today_cap8,tide-week-invalid-ineligible,true
today_cap12,tide-gap90-interval3,true
today_cap12,tide-gap90-interval6,true
today_cap12,tide-gap90-interval24,true
today_cap12,tide-gap91-interval3,true
today_cap12,tide-gap91-interval6,true
today_cap12,tide-gap91-interval24,true
today_cap12,tide-gap120-interval3,true
today_cap12,tide-gap120-interval6,true
today_cap12,tide-gap120-interval24,true
today_cap12,tide-height19-710,true
today_cap12,tide-height19-709,true
today_cap12,tide-height14-850,true
today_cap12,tide-height14-849,true
today_cap12,tide-height107-850,true
today_cap12,tide-height107-849,true
today_cap12,tide-unsafe-highest-other-safe-date,true
today_cap12,tide-unsafe-first-other-safe-same-date,true
today_cap12,tide-all-danger-excluded-despite-notice-report-mandatory,true
today_cap12,tide-missing-data-excluded-despite-notice-report,true
today_cap12,general-rain-0.999,true
today_cap12,general-rain-1,true
today_cap12,general-rain-1.04,true
today_cap12,general-all-danger-notice-report-excluded,true
today_cap12,general-ineligible-notice-report-excluded,true
today_cap12,pelagic-at,true
today_cap12,pelagic-wind-over,true
today_cap12,pelagic-wave-over,true
today_cap12,pelagic-rain-positive,true
today_cap12,pelagic-wind-missing,true
today_cap12,pelagic-wave-missing,true
today_cap12,pelagic-rain-missing,true
today_cap12,pelagic-wind-string,true
today_cap12,pelagic-wave-string,true
today_cap12,pelagic-rain-string,true
today_cap12,pelagic-danger-highest-safe-lower-rain,true
today_cap12,pelagic-danger-highest-safe-lower-wind,true
today_cap12,pelagic-danger-highest-safe-lower-wave,true
today_cap12,pelagic-danger-highest-safe-lower-missing,true
today_cap12,today-fallback-gap91,true
today_cap12,today-fallback-missing-time,true
today_cap12,today-fallback-ineligible,true
today_cap12,today-fallback-stale,true
today_cap12,today-fallback-rain,true
today_cap12,today-fallback-wave,true
today_cap12,today-fallback-score-missing,true
today_cap12,today-fallback-wrong-date,true
today_cap12,tide-metadata-undefined-gap90,true
today_cap12,tide-metadata-undefined-gap91,true
today_cap12,tide-metadata-null-gap90,true
today_cap12,tide-metadata-null-gap91,true
today_cap12,tide-metadata-zero-gap90,true
today_cap12,tide-metadata-zero-gap91,true
today_cap12,tide-metadata-negative-gap90,true
today_cap12,tide-metadata-negative-gap91,true
today_cap12,tide-metadata-bad-string-gap90,true
today_cap12,tide-metadata-bad-string-gap91,true
today_cap12,tide-metadata-numeric-string-gap90,true
today_cap12,tide-metadata-numeric-string-gap91,true
today_cap12,tide-metadata-NaN-gap90,true
today_cap12,tide-metadata-NaN-gap91,true
today_cap12,tide-metadata-Infinity-gap90,true
today_cap12,tide-metadata-Infinity-gap91,true
today_cap12,tide-week-invalid-missing-time,true
today_cap12,tide-week-invalid-malformed-time,true
today_cap12,tide-week-invalid-wrong-date,true
today_cap12,tide-week-invalid-ineligible,true
today_cap16,tide-gap90-interval3,true
today_cap16,tide-gap90-interval6,true
today_cap16,tide-gap90-interval24,true
today_cap16,tide-gap91-interval3,true
today_cap16,tide-gap91-interval6,true
today_cap16,tide-gap91-interval24,true
today_cap16,tide-gap120-interval3,true
today_cap16,tide-gap120-interval6,true
today_cap16,tide-gap120-interval24,true
today_cap16,tide-height19-710,true
today_cap16,tide-height19-709,true
today_cap16,tide-height14-850,true
today_cap16,tide-height14-849,true
today_cap16,tide-height107-850,true
today_cap16,tide-height107-849,true
today_cap16,tide-unsafe-highest-other-safe-date,true
today_cap16,tide-unsafe-first-other-safe-same-date,true
today_cap16,tide-all-danger-excluded-despite-notice-report-mandatory,true
today_cap16,tide-missing-data-excluded-despite-notice-report,true
today_cap16,general-rain-0.999,true
today_cap16,general-rain-1,true
today_cap16,general-rain-1.04,true
today_cap16,general-all-danger-notice-report-excluded,true
today_cap16,general-ineligible-notice-report-excluded,true
today_cap16,pelagic-at,true
today_cap16,pelagic-wind-over,true
today_cap16,pelagic-wave-over,true
today_cap16,pelagic-rain-positive,true
today_cap16,pelagic-wind-missing,true
today_cap16,pelagic-wave-missing,true
today_cap16,pelagic-rain-missing,true
today_cap16,pelagic-wind-string,true
today_cap16,pelagic-wave-string,true
today_cap16,pelagic-rain-string,true
today_cap16,pelagic-danger-highest-safe-lower-rain,true
today_cap16,pelagic-danger-highest-safe-lower-wind,true
today_cap16,pelagic-danger-highest-safe-lower-wave,true
today_cap16,pelagic-danger-highest-safe-lower-missing,true
today_cap16,today-fallback-gap91,true
today_cap16,today-fallback-missing-time,true
today_cap16,today-fallback-ineligible,true
today_cap16,today-fallback-stale,true
today_cap16,today-fallback-rain,true
today_cap16,today-fallback-wave,true
today_cap16,today-fallback-score-missing,true
today_cap16,today-fallback-wrong-date,true
today_cap16,tide-metadata-undefined-gap90,true
today_cap16,tide-metadata-undefined-gap91,true
today_cap16,tide-metadata-null-gap90,true
today_cap16,tide-metadata-null-gap91,true
today_cap16,tide-metadata-zero-gap90,true
today_cap16,tide-metadata-zero-gap91,true
today_cap16,tide-metadata-negative-gap90,true
today_cap16,tide-metadata-negative-gap91,true
today_cap16,tide-metadata-bad-string-gap90,true
today_cap16,tide-metadata-bad-string-gap91,true
today_cap16,tide-metadata-numeric-string-gap90,true
today_cap16,tide-metadata-numeric-string-gap91,true
today_cap16,tide-metadata-NaN-gap90,true
today_cap16,tide-metadata-NaN-gap91,true
today_cap16,tide-metadata-Infinity-gap90,true
today_cap16,tide-metadata-Infinity-gap91,true
today_cap16,tide-week-invalid-missing-time,true
today_cap16,tide-week-invalid-malformed-time,true
today_cap16,tide-week-invalid-wrong-date,true
today_cap16,tide-week-invalid-ineligible,true
visit_cap0,tide-gap90-interval3,true
visit_cap0,tide-gap90-interval6,true
visit_cap0,tide-gap90-interval24,true
visit_cap0,tide-gap91-interval3,true
visit_cap0,tide-gap91-interval6,true
visit_cap0,tide-gap91-interval24,true
visit_cap0,tide-gap120-interval3,true
visit_cap0,tide-gap120-interval6,true
visit_cap0,tide-gap120-interval24,true
visit_cap0,tide-height19-710,true
visit_cap0,tide-height19-709,true
visit_cap0,tide-height14-850,true
visit_cap0,tide-height14-849,true
visit_cap0,tide-height107-850,true
visit_cap0,tide-height107-849,true
visit_cap0,tide-unsafe-highest-other-safe-date,true
visit_cap0,tide-unsafe-first-other-safe-same-date,true
visit_cap0,tide-all-danger-excluded-despite-notice-report-mandatory,true
visit_cap0,tide-missing-data-excluded-despite-notice-report,true
visit_cap0,general-rain-0.999,true
visit_cap0,general-rain-1,true
visit_cap0,general-rain-1.04,true
visit_cap0,general-all-danger-notice-report-excluded,true
visit_cap0,general-ineligible-notice-report-excluded,true
visit_cap0,pelagic-at,true
visit_cap0,pelagic-wind-over,true
visit_cap0,pelagic-wave-over,true
visit_cap0,pelagic-rain-positive,true
visit_cap0,pelagic-wind-missing,true
visit_cap0,pelagic-wave-missing,true
visit_cap0,pelagic-rain-missing,true
visit_cap0,pelagic-wind-string,true
visit_cap0,pelagic-wave-string,true
visit_cap0,pelagic-rain-string,true
visit_cap0,pelagic-danger-highest-safe-lower-rain,true
visit_cap0,pelagic-danger-highest-safe-lower-wind,true
visit_cap0,pelagic-danger-highest-safe-lower-wave,true
visit_cap0,pelagic-danger-highest-safe-lower-missing,true
visit_cap0,today-fallback-gap91,true
visit_cap0,today-fallback-missing-time,true
visit_cap0,today-fallback-ineligible,true
visit_cap0,today-fallback-stale,true
visit_cap0,today-fallback-rain,true
visit_cap0,today-fallback-wave,true
visit_cap0,today-fallback-score-missing,true
visit_cap0,today-fallback-wrong-date,true
visit_cap0,tide-metadata-undefined-gap90,true
visit_cap0,tide-metadata-undefined-gap91,true
visit_cap0,tide-metadata-null-gap90,true
visit_cap0,tide-metadata-null-gap91,true
visit_cap0,tide-metadata-zero-gap90,true
visit_cap0,tide-metadata-zero-gap91,true
visit_cap0,tide-metadata-negative-gap90,true
visit_cap0,tide-metadata-negative-gap91,true
visit_cap0,tide-metadata-bad-string-gap90,true
visit_cap0,tide-metadata-bad-string-gap91,true
visit_cap0,tide-metadata-numeric-string-gap90,true
visit_cap0,tide-metadata-numeric-string-gap91,true
visit_cap0,tide-metadata-NaN-gap90,true
visit_cap0,tide-metadata-NaN-gap91,true
visit_cap0,tide-metadata-Infinity-gap90,true
visit_cap0,tide-metadata-Infinity-gap91,true
visit_cap0,tide-week-invalid-missing-time,true
visit_cap0,tide-week-invalid-malformed-time,true
visit_cap0,tide-week-invalid-wrong-date,true
visit_cap0,tide-week-invalid-ineligible,true
visit_cap4,tide-gap90-interval3,true
visit_cap4,tide-gap90-interval6,true
visit_cap4,tide-gap90-interval24,true
visit_cap4,tide-gap91-interval3,true
visit_cap4,tide-gap91-interval6,true
visit_cap4,tide-gap91-interval24,true
visit_cap4,tide-gap120-interval3,true
visit_cap4,tide-gap120-interval6,true
visit_cap4,tide-gap120-interval24,true
visit_cap4,tide-height19-710,true
visit_cap4,tide-height19-709,true
visit_cap4,tide-height14-850,true
visit_cap4,tide-height14-849,true
visit_cap4,tide-height107-850,true
visit_cap4,tide-height107-849,true
visit_cap4,tide-unsafe-highest-other-safe-date,true
visit_cap4,tide-unsafe-first-other-safe-same-date,true
visit_cap4,tide-all-danger-excluded-despite-notice-report-mandatory,true
visit_cap4,tide-missing-data-excluded-despite-notice-report,true
visit_cap4,general-rain-0.999,true
visit_cap4,general-rain-1,true
visit_cap4,general-rain-1.04,true
visit_cap4,general-all-danger-notice-report-excluded,true
visit_cap4,general-ineligible-notice-report-excluded,true
visit_cap4,pelagic-at,true
visit_cap4,pelagic-wind-over,true
visit_cap4,pelagic-wave-over,true
visit_cap4,pelagic-rain-positive,true
visit_cap4,pelagic-wind-missing,true
visit_cap4,pelagic-wave-missing,true
visit_cap4,pelagic-rain-missing,true
visit_cap4,pelagic-wind-string,true
visit_cap4,pelagic-wave-string,true
visit_cap4,pelagic-rain-string,true
visit_cap4,pelagic-danger-highest-safe-lower-rain,true
visit_cap4,pelagic-danger-highest-safe-lower-wind,true
visit_cap4,pelagic-danger-highest-safe-lower-wave,true
visit_cap4,pelagic-danger-highest-safe-lower-missing,true
visit_cap4,today-fallback-gap91,true
visit_cap4,today-fallback-missing-time,true
visit_cap4,today-fallback-ineligible,true
visit_cap4,today-fallback-stale,true
visit_cap4,today-fallback-rain,true
visit_cap4,today-fallback-wave,true
visit_cap4,today-fallback-score-missing,true
visit_cap4,today-fallback-wrong-date,true
visit_cap4,tide-metadata-undefined-gap90,true
visit_cap4,tide-metadata-undefined-gap91,true
visit_cap4,tide-metadata-null-gap90,true
visit_cap4,tide-metadata-null-gap91,true
visit_cap4,tide-metadata-zero-gap90,true
visit_cap4,tide-metadata-zero-gap91,true
visit_cap4,tide-metadata-negative-gap90,true
visit_cap4,tide-metadata-negative-gap91,true
visit_cap4,tide-metadata-bad-string-gap90,true
visit_cap4,tide-metadata-bad-string-gap91,true
visit_cap4,tide-metadata-numeric-string-gap90,true
visit_cap4,tide-metadata-numeric-string-gap91,true
visit_cap4,tide-metadata-NaN-gap90,true
visit_cap4,tide-metadata-NaN-gap91,true
visit_cap4,tide-metadata-Infinity-gap90,true
visit_cap4,tide-metadata-Infinity-gap91,true
visit_cap4,tide-week-invalid-missing-time,true
visit_cap4,tide-week-invalid-malformed-time,true
visit_cap4,tide-week-invalid-wrong-date,true
visit_cap4,tide-week-invalid-ineligible,true
visit_cap8,tide-gap90-interval3,true
visit_cap8,tide-gap90-interval6,true
visit_cap8,tide-gap90-interval24,true
visit_cap8,tide-gap91-interval3,true
visit_cap8,tide-gap91-interval6,true
visit_cap8,tide-gap91-interval24,true
visit_cap8,tide-gap120-interval3,true
visit_cap8,tide-gap120-interval6,true
visit_cap8,tide-gap120-interval24,true
visit_cap8,tide-height19-710,true
visit_cap8,tide-height19-709,true
visit_cap8,tide-height14-850,true
visit_cap8,tide-height14-849,true
visit_cap8,tide-height107-850,true
visit_cap8,tide-height107-849,true
visit_cap8,tide-unsafe-highest-other-safe-date,true
visit_cap8,tide-unsafe-first-other-safe-same-date,true
visit_cap8,tide-all-danger-excluded-despite-notice-report-mandatory,true
visit_cap8,tide-missing-data-excluded-despite-notice-report,true
visit_cap8,general-rain-0.999,true
visit_cap8,general-rain-1,true
visit_cap8,general-rain-1.04,true
visit_cap8,general-all-danger-notice-report-excluded,true
visit_cap8,general-ineligible-notice-report-excluded,true
visit_cap8,pelagic-at,true
visit_cap8,pelagic-wind-over,true
visit_cap8,pelagic-wave-over,true
visit_cap8,pelagic-rain-positive,true
visit_cap8,pelagic-wind-missing,true
visit_cap8,pelagic-wave-missing,true
visit_cap8,pelagic-rain-missing,true
visit_cap8,pelagic-wind-string,true
visit_cap8,pelagic-wave-string,true
visit_cap8,pelagic-rain-string,true
visit_cap8,pelagic-danger-highest-safe-lower-rain,true
visit_cap8,pelagic-danger-highest-safe-lower-wind,true
visit_cap8,pelagic-danger-highest-safe-lower-wave,true
visit_cap8,pelagic-danger-highest-safe-lower-missing,true
visit_cap8,today-fallback-gap91,true
visit_cap8,today-fallback-missing-time,true
visit_cap8,today-fallback-ineligible,true
visit_cap8,today-fallback-stale,true
visit_cap8,today-fallback-rain,true
visit_cap8,today-fallback-wave,true
visit_cap8,today-fallback-score-missing,true
visit_cap8,today-fallback-wrong-date,true
visit_cap8,tide-metadata-undefined-gap90,true
visit_cap8,tide-metadata-undefined-gap91,true
visit_cap8,tide-metadata-null-gap90,true
visit_cap8,tide-metadata-null-gap91,true
visit_cap8,tide-metadata-zero-gap90,true
visit_cap8,tide-metadata-zero-gap91,true
visit_cap8,tide-metadata-negative-gap90,true
visit_cap8,tide-metadata-negative-gap91,true
visit_cap8,tide-metadata-bad-string-gap90,true
visit_cap8,tide-metadata-bad-string-gap91,true
visit_cap8,tide-metadata-numeric-string-gap90,true
visit_cap8,tide-metadata-numeric-string-gap91,true
visit_cap8,tide-metadata-NaN-gap90,true
visit_cap8,tide-metadata-NaN-gap91,true
visit_cap8,tide-metadata-Infinity-gap90,true
visit_cap8,tide-metadata-Infinity-gap91,true
visit_cap8,tide-week-invalid-missing-time,true
visit_cap8,tide-week-invalid-malformed-time,true
visit_cap8,tide-week-invalid-wrong-date,true
visit_cap8,tide-week-invalid-ineligible,true
visit_cap12,tide-gap90-interval3,true
visit_cap12,tide-gap90-interval6,true
visit_cap12,tide-gap90-interval24,true
visit_cap12,tide-gap91-interval3,true
visit_cap12,tide-gap91-interval6,true
visit_cap12,tide-gap91-interval24,true
visit_cap12,tide-gap120-interval3,true
visit_cap12,tide-gap120-interval6,true
visit_cap12,tide-gap120-interval24,true
visit_cap12,tide-height19-710,true
visit_cap12,tide-height19-709,true
visit_cap12,tide-height14-850,true
visit_cap12,tide-height14-849,true
visit_cap12,tide-height107-850,true
visit_cap12,tide-height107-849,true
visit_cap12,tide-unsafe-highest-other-safe-date,true
visit_cap12,tide-unsafe-first-other-safe-same-date,true
visit_cap12,tide-all-danger-excluded-despite-notice-report-mandatory,true
visit_cap12,tide-missing-data-excluded-despite-notice-report,true
visit_cap12,general-rain-0.999,true
visit_cap12,general-rain-1,true
visit_cap12,general-rain-1.04,true
visit_cap12,general-all-danger-notice-report-excluded,true
visit_cap12,general-ineligible-notice-report-excluded,true
visit_cap12,pelagic-at,true
visit_cap12,pelagic-wind-over,true
visit_cap12,pelagic-wave-over,true
visit_cap12,pelagic-rain-positive,true
visit_cap12,pelagic-wind-missing,true
visit_cap12,pelagic-wave-missing,true
visit_cap12,pelagic-rain-missing,true
visit_cap12,pelagic-wind-string,true
visit_cap12,pelagic-wave-string,true
visit_cap12,pelagic-rain-string,true
visit_cap12,pelagic-danger-highest-safe-lower-rain,true
visit_cap12,pelagic-danger-highest-safe-lower-wind,true
visit_cap12,pelagic-danger-highest-safe-lower-wave,true
visit_cap12,pelagic-danger-highest-safe-lower-missing,true
visit_cap12,today-fallback-gap91,true
visit_cap12,today-fallback-missing-time,true
visit_cap12,today-fallback-ineligible,true
visit_cap12,today-fallback-stale,true
visit_cap12,today-fallback-rain,true
visit_cap12,today-fallback-wave,true
visit_cap12,today-fallback-score-missing,true
visit_cap12,today-fallback-wrong-date,true
visit_cap12,tide-metadata-undefined-gap90,true
visit_cap12,tide-metadata-undefined-gap91,true
visit_cap12,tide-metadata-null-gap90,true
visit_cap12,tide-metadata-null-gap91,true
visit_cap12,tide-metadata-zero-gap90,true
visit_cap12,tide-metadata-zero-gap91,true
visit_cap12,tide-metadata-negative-gap90,true
visit_cap12,tide-metadata-negative-gap91,true
visit_cap12,tide-metadata-bad-string-gap90,true
visit_cap12,tide-metadata-bad-string-gap91,true
visit_cap12,tide-metadata-numeric-string-gap90,true
visit_cap12,tide-metadata-numeric-string-gap91,true
visit_cap12,tide-metadata-NaN-gap90,true
visit_cap12,tide-metadata-NaN-gap91,true
visit_cap12,tide-metadata-Infinity-gap90,true
visit_cap12,tide-metadata-Infinity-gap91,true
visit_cap12,tide-week-invalid-missing-time,true
visit_cap12,tide-week-invalid-malformed-time,true
visit_cap12,tide-week-invalid-wrong-date,true
visit_cap12,tide-week-invalid-ineligible,true
visit_cap16,tide-gap90-interval3,true
visit_cap16,tide-gap90-interval6,true
visit_cap16,tide-gap90-interval24,true
visit_cap16,tide-gap91-interval3,true
visit_cap16,tide-gap91-interval6,true
visit_cap16,tide-gap91-interval24,true
visit_cap16,tide-gap120-interval3,true
visit_cap16,tide-gap120-interval6,true
visit_cap16,tide-gap120-interval24,true
visit_cap16,tide-height19-710,true
visit_cap16,tide-height19-709,true
visit_cap16,tide-height14-850,true
visit_cap16,tide-height14-849,true
visit_cap16,tide-height107-850,true
visit_cap16,tide-height107-849,true
visit_cap16,tide-unsafe-highest-other-safe-date,true
visit_cap16,tide-unsafe-first-other-safe-same-date,true
visit_cap16,tide-all-danger-excluded-despite-notice-report-mandatory,true
visit_cap16,tide-missing-data-excluded-despite-notice-report,true
visit_cap16,general-rain-0.999,true
visit_cap16,general-rain-1,true
visit_cap16,general-rain-1.04,true
visit_cap16,general-all-danger-notice-report-excluded,true
visit_cap16,general-ineligible-notice-report-excluded,true
visit_cap16,pelagic-at,true
visit_cap16,pelagic-wind-over,true
visit_cap16,pelagic-wave-over,true
visit_cap16,pelagic-rain-positive,true
visit_cap16,pelagic-wind-missing,true
visit_cap16,pelagic-wave-missing,true
visit_cap16,pelagic-rain-missing,true
visit_cap16,pelagic-wind-string,true
visit_cap16,pelagic-wave-string,true
visit_cap16,pelagic-rain-string,true
visit_cap16,pelagic-danger-highest-safe-lower-rain,true
visit_cap16,pelagic-danger-highest-safe-lower-wind,true
visit_cap16,pelagic-danger-highest-safe-lower-wave,true
visit_cap16,pelagic-danger-highest-safe-lower-missing,true
visit_cap16,today-fallback-gap91,true
visit_cap16,today-fallback-missing-time,true
visit_cap16,today-fallback-ineligible,true
visit_cap16,today-fallback-stale,true
visit_cap16,today-fallback-rain,true
visit_cap16,today-fallback-wave,true
visit_cap16,today-fallback-score-missing,true
visit_cap16,today-fallback-wrong-date,true
visit_cap16,tide-metadata-undefined-gap90,true
visit_cap16,tide-metadata-undefined-gap91,true
visit_cap16,tide-metadata-null-gap90,true
visit_cap16,tide-metadata-null-gap91,true
visit_cap16,tide-metadata-zero-gap90,true
visit_cap16,tide-metadata-zero-gap91,true
visit_cap16,tide-metadata-negative-gap90,true
visit_cap16,tide-metadata-negative-gap91,true
visit_cap16,tide-metadata-bad-string-gap90,true
visit_cap16,tide-metadata-bad-string-gap91,true
visit_cap16,tide-metadata-numeric-string-gap90,true
visit_cap16,tide-metadata-numeric-string-gap91,true
visit_cap16,tide-metadata-NaN-gap90,true
visit_cap16,tide-metadata-NaN-gap91,true
visit_cap16,tide-metadata-Infinity-gap90,true
visit_cap16,tide-metadata-Infinity-gap91,true
visit_cap16,tide-week-invalid-missing-time,true
visit_cap16,tide-week-invalid-malformed-time,true
visit_cap16,tide-week-invalid-wrong-date,true
visit_cap16,tide-week-invalid-ineligible,true
today_noVariety,tide-gap90-interval3,true
today_noVariety,tide-gap90-interval6,true
today_noVariety,tide-gap90-interval24,true
today_noVariety,tide-gap91-interval3,true
today_noVariety,tide-gap91-interval6,true
today_noVariety,tide-gap91-interval24,true
today_noVariety,tide-gap120-interval3,true
today_noVariety,tide-gap120-interval6,true
today_noVariety,tide-gap120-interval24,true
today_noVariety,tide-height19-710,true
today_noVariety,tide-height19-709,true
today_noVariety,tide-height14-850,true
today_noVariety,tide-height14-849,true
today_noVariety,tide-height107-850,true
today_noVariety,tide-height107-849,true
today_noVariety,tide-unsafe-highest-other-safe-date,true
today_noVariety,tide-unsafe-first-other-safe-same-date,true
today_noVariety,tide-all-danger-excluded-despite-notice-report-mandatory,true
today_noVariety,tide-missing-data-excluded-despite-notice-report,true
today_noVariety,general-rain-0.999,true
today_noVariety,general-rain-1,true
today_noVariety,general-rain-1.04,true
today_noVariety,general-all-danger-notice-report-excluded,true
today_noVariety,general-ineligible-notice-report-excluded,true
today_noVariety,pelagic-at,true
today_noVariety,pelagic-wind-over,true
today_noVariety,pelagic-wave-over,true
today_noVariety,pelagic-rain-positive,true
today_noVariety,pelagic-wind-missing,true
today_noVariety,pelagic-wave-missing,true
today_noVariety,pelagic-rain-missing,true
today_noVariety,pelagic-wind-string,true
today_noVariety,pelagic-wave-string,true
today_noVariety,pelagic-rain-string,true
today_noVariety,pelagic-danger-highest-safe-lower-rain,true
today_noVariety,pelagic-danger-highest-safe-lower-wind,true
today_noVariety,pelagic-danger-highest-safe-lower-wave,true
today_noVariety,pelagic-danger-highest-safe-lower-missing,true
today_noVariety,today-fallback-gap91,true
today_noVariety,today-fallback-missing-time,true
today_noVariety,today-fallback-ineligible,true
today_noVariety,today-fallback-stale,true
today_noVariety,today-fallback-rain,true
today_noVariety,today-fallback-wave,true
today_noVariety,today-fallback-score-missing,true
today_noVariety,today-fallback-wrong-date,true
today_noVariety,tide-metadata-undefined-gap90,true
today_noVariety,tide-metadata-undefined-gap91,true
today_noVariety,tide-metadata-null-gap90,true
today_noVariety,tide-metadata-null-gap91,true
today_noVariety,tide-metadata-zero-gap90,true
today_noVariety,tide-metadata-zero-gap91,true
today_noVariety,tide-metadata-negative-gap90,true
today_noVariety,tide-metadata-negative-gap91,true
today_noVariety,tide-metadata-bad-string-gap90,true
today_noVariety,tide-metadata-bad-string-gap91,true
today_noVariety,tide-metadata-numeric-string-gap90,true
today_noVariety,tide-metadata-numeric-string-gap91,true
today_noVariety,tide-metadata-NaN-gap90,true
today_noVariety,tide-metadata-NaN-gap91,true
today_noVariety,tide-metadata-Infinity-gap90,true
today_noVariety,tide-metadata-Infinity-gap91,true
today_noVariety,tide-week-invalid-missing-time,true
today_noVariety,tide-week-invalid-malformed-time,true
today_noVariety,tide-week-invalid-wrong-date,true
today_noVariety,tide-week-invalid-ineligible,true
visit_noVariety,tide-gap90-interval3,true
visit_noVariety,tide-gap90-interval6,true
visit_noVariety,tide-gap90-interval24,true
visit_noVariety,tide-gap91-interval3,true
visit_noVariety,tide-gap91-interval6,true
visit_noVariety,tide-gap91-interval24,true
visit_noVariety,tide-gap120-interval3,true
visit_noVariety,tide-gap120-interval6,true
visit_noVariety,tide-gap120-interval24,true
visit_noVariety,tide-height19-710,true
visit_noVariety,tide-height19-709,true
visit_noVariety,tide-height14-850,true
visit_noVariety,tide-height14-849,true
visit_noVariety,tide-height107-850,true
visit_noVariety,tide-height107-849,true
visit_noVariety,tide-unsafe-highest-other-safe-date,true
visit_noVariety,tide-unsafe-first-other-safe-same-date,true
visit_noVariety,tide-all-danger-excluded-despite-notice-report-mandatory,true
visit_noVariety,tide-missing-data-excluded-despite-notice-report,true
visit_noVariety,general-rain-0.999,true
visit_noVariety,general-rain-1,true
visit_noVariety,general-rain-1.04,true
visit_noVariety,general-all-danger-notice-report-excluded,true
visit_noVariety,general-ineligible-notice-report-excluded,true
visit_noVariety,pelagic-at,true
visit_noVariety,pelagic-wind-over,true
visit_noVariety,pelagic-wave-over,true
visit_noVariety,pelagic-rain-positive,true
visit_noVariety,pelagic-wind-missing,true
visit_noVariety,pelagic-wave-missing,true
visit_noVariety,pelagic-rain-missing,true
visit_noVariety,pelagic-wind-string,true
visit_noVariety,pelagic-wave-string,true
visit_noVariety,pelagic-rain-string,true
visit_noVariety,pelagic-danger-highest-safe-lower-rain,true
visit_noVariety,pelagic-danger-highest-safe-lower-wind,true
visit_noVariety,pelagic-danger-highest-safe-lower-wave,true
visit_noVariety,pelagic-danger-highest-safe-lower-missing,true
visit_noVariety,today-fallback-gap91,true
visit_noVariety,today-fallback-missing-time,true
visit_noVariety,today-fallback-ineligible,true
visit_noVariety,today-fallback-stale,true
visit_noVariety,today-fallback-rain,true
visit_noVariety,today-fallback-wave,true
visit_noVariety,today-fallback-score-missing,true
visit_noVariety,today-fallback-wrong-date,true
visit_noVariety,tide-metadata-undefined-gap90,true
visit_noVariety,tide-metadata-undefined-gap91,true
visit_noVariety,tide-metadata-null-gap90,true
visit_noVariety,tide-metadata-null-gap91,true
visit_noVariety,tide-metadata-zero-gap90,true
visit_noVariety,tide-metadata-zero-gap91,true
visit_noVariety,tide-metadata-negative-gap90,true
visit_noVariety,tide-metadata-negative-gap91,true
visit_noVariety,tide-metadata-bad-string-gap90,true
visit_noVariety,tide-metadata-bad-string-gap91,true
visit_noVariety,tide-metadata-numeric-string-gap90,true
visit_noVariety,tide-metadata-numeric-string-gap91,true
visit_noVariety,tide-metadata-NaN-gap90,true
visit_noVariety,tide-metadata-NaN-gap91,true
visit_noVariety,tide-metadata-Infinity-gap90,true
visit_noVariety,tide-metadata-Infinity-gap91,true
visit_noVariety,tide-week-invalid-missing-time,true
visit_noVariety,tide-week-invalid-malformed-time,true
visit_noVariety,tide-week-invalid-wrong-date,true
visit_noVariety,tide-week-invalid-ineligible,true
